R01_point_id,R01_shear_rate_s_inv,R01_stress_Pa,R01_viscosity_Pa_s,R01_temperature_C,R01_elapsed_s,R01_segment_s,R02_point_id,R02_shear_rate_s_inv,R02_stress_Pa,R02_viscosity_Pa_s,R02_temperature_C,R02_elapsed_s,R02_segment_s,R03_point_id,R03_shear_rate_s_inv,R03_stress_Pa,R03_viscosity_Pa_s,R03_temperature_C,R03_elapsed_s,R03_segment_s,R04_point_id,R04_shear_rate_s_inv,R04_stress_Pa,R04_viscosity_Pa_s,R04_temperature_C,R04_elapsed_s,R04_segment_s,R05_point_id,R05_shear_rate_s_inv,R05_stress_Pa,R05_viscosity_Pa_s,R05_temperature_C,R05_elapsed_s,R05_segment_s,R06_point_id,R06_shear_rate_s_inv,R06_stress_Pa,R06_viscosity_Pa_s,R06_temperature_C,R06_elapsed_s,R06_segment_s
1|1,0.09996,0.1969,1.97,24.88,7.576,3,1|1,0.1,0.5004,5.003,24.83,22.42,3,1|1,0.09995,0.9216,9.22,25.26,5.229,3.01,1|1,0.09989,2.609,26.12,25.43,6.139,3,1|1,0.0999,3.135,31.38,25.54,6.78,6,1|1,0.09992,0.5748,5.752,25.02,12.22,6.01
1|2,10.2,0.7563,0.07415,24.87,10.59,6.009,1|2,10.2,7.123,0.6984,24.83,25.42,6,1|2,10.2,14.03,1.375,25.28,8.229,6.01,1|2,10.2,37.75,3.701,25.41,9.139,6,1|2,10.2,38.39,3.764,25.54,12.78,12,1|2,10.2,6.234,0.6112,25.02,18.21,12
1|3,20.3,0.5891,0.02902,24.89,13.59,9.009,1|3,20.3,9.608,0.4733,24.83,28.42,9,1|3,20.3,18.65,0.9188,25.27,11.22,9,1|3,20.3,54.27,2.674,25.42,12.14,9,1|3,20.3,56.52,2.784,25.55,18.78,18,1|3,20.3,9.132,0.4498,25.02,24.21,18
1|4,30.4,1.248,0.04106,24.89,16.58,12.01,1|4,30.4,12.43,0.4089,24.82,31.42,12,1|4,30.4,22.84,0.7512,25.26,14.22,12,1|4,30.4,68.46,2.252,25.42,15.14,12,1|4,30.4,71.11,2.339,25.55,24.78,24,1|4,30.4,11.45,0.3767,25.02,30.21,24
1|5,40.5,1.233,0.03043,24.88,19.58,15.01,1|5,40.5,14.01,0.3459,24.82,34.42,15,1|5,40.5,27.18,0.6711,25.26,17.22,15,1|5,40.5,81.08,2.002,25.41,18.14,15,1|5,40.5,84.3,2.082,25.55,30.78,30,1|5,40.5,13.58,0.3353,25.02,36.21,30
1|6,50.6,1.842,0.0364,24.88,22.58,18.01,1|6,50.6,16.29,0.3218,24.84,37.42,18,1|6,50.6,31.62,0.6249,25.27,20.22,18,1|6,50.6,92.59,1.83,25.41,21.14,18,1|6,50.6,95.91,1.896,25.55,36.79,36.01,1|6,50.6,15.51,0.3066,25.02,42.21,36
1|7,60.7,2.212,0.03644,24.89,25.58,21.01,1|7,60.7,18.08,0.2979,24.83,40.42,21,1|7,60.7,35.26,0.5809,25.27,23.22,21,1|7,60.7,103.1,1.698,25.42,24.14,21,1|7,60.7,106.3,1.751,25.55,42.79,42.01,1|7,60.7,17.44,0.2873,25.02,48.21,42
1|8,70.8,2.3,0.03249,24.88,28.58,24.01,1|8,70.8,19.96,0.2819,24.84,43.42,24,1|8,70.8,38.86,0.5488,25.27,26.22,24,1|8,70.8,112.7,1.592,25.42,27.14,24,1|8,70.8,116,1.639,25.55,48.79,48.01,1|8,70.8,19.17,0.2707,25.02,54.21,48
1|9,80.9,2.456,0.03036,24.89,31.58,27.01,1|9,80.9,21.77,0.2691,24.84,46.42,27,1|9,80.9,42.06,0.5199,25.27,29.22,27,1|9,80.9,121.7,1.504,25.41,30.14,27,1|9,80.9,124.8,1.543,25.54,54.79,54.01,1|9,80.9,20.81,0.2572,25.02,60.21,54
1|10,91,2.527,0.02777,24.89,34.58,30.01,1|10,91,23.34,0.2564,24.83,49.42,30,1|10,91,44.92,0.4936,25.28,32.22,30,1|10,91,129.9,1.427,25.41,33.14,30,1|10,91,133,1.462,25.55,60.79,60.01,1|10,91,22.51,0.2473,25.03,66.22,60.01
1|11,101.1,2.808,0.02777,24.89,37.58,33.01,1|11,101.1,25.01,0.2474,24.84,52.42,33,1|11,101.1,47.95,0.4743,25.28,35.22,33,1|11,101.1,137.4,1.359,25.41,36.14,33,1|11,101.1,140.6,1.391,25.55,66.79,66.01,1|11,101.1,24.71,0.2444,25.03,72.22,66.01
1|12,111.2,2.924,0.0263,24.88,40.58,36.01,1|12,111.2,26.53,0.2386,24.84,55.42,36,1|12,111.2,50.6,0.4551,25.26,38.22,36,1|12,111.2,144.6,1.3,25.41,39.14,36,1|12,111.2,147.6,1.328,25.55,72.79,72.01,1|12,111.2,26.06,0.2343,25.02,78.22,72.01
1|13,121.3,2.969,0.02448,24.89,43.58,39.01,1|13,121.3,28.02,0.231,24.83,58.42,39,1|13,121.3,53.41,0.4403,25.27,41.22,39,1|13,121.3,151.2,1.247,25.41,42.14,39,1|13,121.3,154.4,1.273,25.55,78.79,78.01,1|13,121.3,27.5,0.2267,25.04,84.22,78.01
1|14,131.4,3.155,0.02401,24.88,46.58,42.01,1|14,131.4,29.42,0.2239,24.83,61.42,42,1|14,131.4,56.04,0.4265,25.27,44.22,42,1|14,131.4,157.6,1.199,25.43,45.14,42,1|14,131.4,160.9,1.224,25.55,84.79,84.01,1|14,131.4,28.87,0.2197,25.03,90.22,84.01
1|15,141.5,3.375,0.02385,24.88,49.58,45.01,1|15,141.5,30.92,0.2185,24.84,64.42,45,1|15,141.5,58.62,0.4143,25.28,47.22,45,1|15,141.5,163.7,1.157,25.42,48.15,45.01,1|15,141.5,167.3,1.182,25.56,90.79,90.01,1|15,141.5,30.32,0.2143,25.03,96.22,90.01
1|16,151.6,3.497,0.02307,24.88,52.58,48.01,1|16,151.6,32.27,0.2128,24.83,67.42,48,1|16,151.6,61.05,0.4027,25.28,50.22,48,1|16,151.6,169.5,1.118,25.43,51.15,48.01,1|16,151.6,173.6,1.145,25.56,96.79,96.01,1|16,151.6,31.18,0.2057,25.04,102.2,96.01
1|17,161.7,3.65,0.02258,24.89,55.58,51.01,1|17,161.7,33.66,0.2081,24.83,70.42,51,1|17,161.7,63.27,0.3913,25.28,53.22,51,1|17,161.7,175.2,1.084,25.43,54.15,51.01,1|17,161.7,179.5,1.11,25.58,102.8,102,1|17,161.7,32.53,0.2012,25.04,108.2,102
1|18,171.8,3.885,0.02261,24.89,58.58,54.01,1|18,171.8,35.16,0.2046,24.83,73.42,54,1|18,171.8,65.65,0.3821,25.28,56.22,54,1|18,171.8,180.7,1.052,25.42,57.15,54.01,1|18,171.8,184.8,1.076,25.56,108.8,108,1|18,171.8,34.04,0.1981,25.04,114.2,108
1|19,181.9,3.977,0.02186,24.89,61.58,57.01,1|19,181.9,36.24,0.1993,24.84,76.42,57,1|19,181.9,67.92,0.3734,25.29,59.22,57,1|19,181.9,186,1.023,25.42,60.15,57.01,1|19,181.9,190.1,1.045,25.56,114.8,114,1|19,181.9,35.29,0.194,25.04,120.2,114
1|20,192,4.078,0.02124,24.89,64.58,60.01,1|20,192,36.82,0.1918,24.83,79.42,60,1|20,192,70.19,0.3656,25.28,62.22,60,1|20,192,191.2,0.9957,25.43,63.15,60.01,1|20,192,195.3,1.017,25.56,120.8,120,1|20,192,36.46,0.1899,25.06,126.2,120
1|21,202.1,4.362,0.02158,24.89,67.58,63.01,1|21,202.1,37.92,0.1876,24.84,82.42,63,1|21,202.1,72.21,0.3573,25.28,65.22,63,1|21,202.1,196.1,0.9704,25.43,66.15,63.01,1|21,202.1,200.2,0.9907,25.57,126.8,126,1|21,202.1,37.51,0.1856,25.05,132.2,126
1|22,212.2,4.574,0.02155,24.89,70.58,66.01,1|22,212.2,39.05,0.184,24.82,85.42,66,1|22,212.2,74.25,0.3499,25.28,68.22,66,1|22,212.2,200.9,0.9468,25.43,69.15,66.01,1|22,212.2,204.9,0.9657,25.55,132.8,132,1|22,212.2,38.56,0.1817,25.05,138.2,132
1|23,222.3,5.437,0.02446,24.89,73.58,69.01,1|23,222.3,40.13,0.1805,24.84,88.42,69,1|23,222.3,76.01,0.3419,25.28,71.22,69,1|23,222.3,205.5,0.9244,25.42,72.15,69.01,1|23,222.3,209.4,0.9418,25.56,138.8,138,1|23,222.3,39.57,0.178,25.04,144.2,138
1|24,232.4,5.583,0.02402,24.9,76.58,72.01,1|24,232.4,41.24,0.1775,24.84,91.42,72,1|24,232.4,77.86,0.335,25.29,74.22,72,1|24,232.4,209.9,0.9034,25.42,75.15,72.01,1|24,232.4,213.6,0.919,25.57,144.8,144,1|24,232.4,40.67,0.175,25.05,150.2,144
1|25,242.5,5.702,0.02351,24.89,79.58,75.01,1|25,242.5,42.3,0.1745,24.83,94.42,75,1|25,242.5,79.63,0.3284,25.29,77.22,75,1|25,242.5,214.2,0.8832,25.43,78.15,75.01,1|25,242.5,217.7,0.8977,25.57,150.8,150,1|25,242.5,41.72,0.1721,25.07,156.2,150
1|26,252.6,5.659,0.0224,24.88,82.58,78.01,1|26,252.6,43.28,0.1713,24.85,97.42,78,1|26,252.6,81.23,0.3216,25.28,80.22,78,1|26,252.6,218.3,0.8641,25.43,81.15,78.01,1|26,252.6,221.5,0.8769,25.56,156.8,156,1|26,252.6,42.72,0.1691,25.05,162.2,156
1|27,262.7,5.735,0.02183,24.88,85.58,81.01,1|27,262.7,44.27,0.1685,24.84,100.4,81,1|27,262.7,82.76,0.315,25.27,83.22,81,1|27,262.7,222.2,0.8459,25.43,84.15,81.01,1|27,262.7,225.3,0.8577,25.58,162.8,162,1|27,262.7,43.75,0.1666,25.06,168.2,162
1|28,272.8,5.759,0.02111,24.9,88.58,84.01,1|28,272.8,45.29,0.166,24.82,103.4,84,1|28,272.8,84.23,0.3088,25.28,86.22,84,1|28,272.8,226,0.8285,25.43,87.15,84.01,1|28,272.8,228.9,0.839,25.58,168.8,168,1|28,272.8,44.63,0.1636,25.06,174.2,168
1|29,282.9,5.74,0.02029,24.89,91.58,87.01,1|29,282.9,46.27,0.1636,24.84,106.4,87,1|29,282.9,85.87,0.3035,25.3,89.22,87,1|29,282.9,229.7,0.8118,25.42,90.15,87.01,1|29,282.9,232.3,0.821,25.56,174.8,174,1|29,282.9,45.28,0.16,25.06,180.2,174
1|30,293,5.983,0.02042,24.89,94.58,90.01,1|30,293,47.25,0.1613,24.85,109.4,90,1|30,293,87.32,0.298,25.28,92.22,90,1|30,293,233.1,0.7956,25.42,93.15,90.01,1|30,293,235.5,0.8037,25.58,180.8,180,1|30,293,46.06,0.1572,25.05,186.2,180
1|31,303.1,6.298,0.02078,24.92,97.58,93.01,1|31,303.1,48.13,0.1588,24.84,112.4,93,1|31,303.1,88.73,0.2927,25.3,95.22,93,1|31,303.1,236.4,0.7799,25.43,96.15,93.01,1|31,303.1,238.8,0.7878,25.56,186.8,186,1|31,303.1,46.93,0.1548,25.06,192.2,186
1|32,313.2,6.4,0.02044,24.9,100.6,96.01,1|32,313.2,49.05,0.1566,24.83,115.4,96,1|32,313.2,90.08,0.2876,25.29,98.22,96,1|32,313.2,239.2,0.7639,25.43,99.15,96.01,1|32,313.2,241.7,0.7717,25.57,192.8,192,1|32,313.2,47.88,0.1529,25.05,198.2,192
1|33,323.3,6.538,0.02022,24.9,103.6,99.01,1|33,323.3,49.93,0.1544,24.84,118.4,99,1|33,323.3,91.6,0.2833,25.28,101.2,99,1|33,323.3,241.7,0.7475,25.44,102.1,99.01,1|33,323.3,244.6,0.7567,25.58,198.8,198,1|33,323.3,48.56,0.1502,25.06,204.2,198
1|34,333.4,6.825,0.02047,24.89,106.6,102,1|34,333.4,50.72,0.1521,24.83,121.4,102,1|34,333.4,93.1,0.2792,25.29,104.2,102,1|34,333.4,243.7,0.7311,25.44,105.1,102,1|34,333.4,247.4,0.7419,25.57,204.8,204,1|34,333.4,49.8,0.1494,25.06,210.2,204
1|35,343.5,7.091,0.02064,24.88,109.6,105,1|35,343.5,51.46,0.1498,24.85,124.4,105,1|35,343.5,94.48,0.275,25.3,107.2,105,1|35,343.5,245.8,0.7155,25.43,108.1,105,1|35,343.5,250.1,0.7281,25.58,210.8,210,1|35,343.5,50.1,0.1459,25.06,216.2,210
1|36,353.6,7.227,0.02044,24.9,112.6,108,1|36,353.6,52.26,0.1478,24.84,127.4,108,1|36,353.6,95.86,0.2711,25.3,110.2,108,1|36,353.6,247.8,0.7008,25.45,111.1,108,1|36,353.6,252.7,0.7148,25.57,216.8,216,1|36,353.6,50.81,0.1437,25.07,222.2,216
1|37,363.7,7.445,0.02047,24.9,115.6,111,1|37,363.7,52.99,0.1457,24.84,130.4,111,1|37,363.7,97.15,0.2671,25.29,113.2,111,1|37,363.7,249.9,0.687,25.44,114.1,111,1|37,363.7,255.2,0.7018,25.57,222.8,222,1|37,363.7,51.62,0.1419,25.07,228.2,222
1|38,373.8,7.622,0.02039,24.89,118.6,114,1|38,373.8,53.78,0.1439,24.84,133.4,114,1|38,373.8,98.5,0.2635,25.29,116.2,114,1|38,373.8,252,0.6741,25.45,117.1,114,1|38,373.8,257.6,0.689,25.57,228.8,228,1|38,373.8,52.33,0.14,25.08,234.2,228
1|39,383.9,7.806,0.02033,24.89,121.6,117,1|39,383.9,54.58,0.1422,24.83,136.4,117,1|39,383.9,99.7,0.2597,25.3,119.2,117,1|39,383.9,254.1,0.6619,25.45,120.1,117,1|39,383.9,259.7,0.6764,25.59,234.8,234,1|39,383.9,53.02,0.1381,25.06,240.2,234
1|40,394,7.939,0.02015,24.9,124.6,120,1|40,394,55.38,0.1406,24.84,139.4,120,1|40,394,100.9,0.2561,25.3,122.2,120,1|40,394,256.2,0.6503,25.45,123.1,120,1|40,394,261.5,0.6636,25.58,240.8,240,1|40,394,53.58,0.136,25.07,246.2,240
1|41,404.1,8.244,0.0204,24.89,127.6,123,1|41,404.1,56.15,0.139,24.83,142.4,123,1|41,404.1,102,0.2525,25.3,125.2,123,1|41,404.1,258.2,0.639,25.45,126.1,123,1|41,404.1,263.9,0.6531,25.59,246.8,246,1|41,404.1,54.52,0.1349,25.07,252.2,246
1|42,414.2,8.378,0.02023,24.89,130.6,126,1|42,414.2,56.88,0.1373,24.84,145.4,126,1|42,414.2,103.3,0.2494,25.3,128.2,126,1|42,414.2,260,0.6278,25.44,129.1,126,1|42,414.2,266.5,0.6434,25.58,252.8,252,1|42,414.2,55.24,0.1334,25.08,258.2,252
1|43,424.3,8.462,0.01994,24.89,133.6,129,1|43,424.3,57.59,0.1357,24.85,148.4,129,1|43,424.3,104.4,0.2461,25.3,131.2,129,1|43,424.3,261.6,0.6166,25.44,132.1,129,1|43,424.3,269.1,0.6343,25.58,258.8,258,1|43,424.3,56.01,0.132,25.08,264.2,258
1|44,434.4,8.381,0.01929,24.89,136.6,132,1|44,434.4,58.15,0.1339,24.84,151.4,132,1|44,434.4,105.6,0.2431,25.3,134.2,132,1|44,434.4,263.1,0.6058,25.46,135.1,132,1|44,434.4,271.9,0.626,25.57,264.8,264,1|44,434.4,56.63,0.1304,25.07,270.2,264
1|45,444.5,8.476,0.01907,24.9,139.6,135,1|45,444.5,58.87,0.1324,24.84,154.4,135,1|45,444.5,106.9,0.2406,25.3,137.2,135,1|45,444.5,264.8,0.5957,25.45,138.1,135,1|45,444.5,274.8,0.6182,25.58,270.8,270,1|45,444.5,57.31,0.1289,25.07,276.2,270
1|46,454.6,8.682,0.0191,24.9,142.6,138,1|46,454.6,59.4,0.1307,24.85,157.4,138,1|46,454.6,108.3,0.2383,25.3,140.2,138,1|46,454.6,266.4,0.586,25.46,141.1,138,1|46,454.6,277.7,0.6108,25.58,276.8,276,1|46,454.6,57.78,0.1271,25.08,282.2,276
1|47,464.7,8.851,0.01905,24.89,145.6,141,1|47,464.7,59.92,0.129,24.84,160.4,141,1|47,464.7,109.6,0.2359,25.3,143.2,141,1|47,464.7,268.1,0.5769,25.44,144.1,141,1|47,464.7,280.3,0.6031,25.58,282.8,282,1|47,464.7,58.28,0.1254,25.08,288.2,282
1|48,474.8,8.904,0.01875,24.89,148.6,144,1|48,474.8,60.61,0.1277,24.84,163.4,144,1|48,474.8,110.8,0.2333,25.3,146.2,144,1|48,474.8,269.4,0.5675,25.45,147.1,144,1|48,474.8,282.8,0.5956,25.59,288.8,288,1|48,474.8,58.7,0.1236,25.08,294.2,288
1|49,484.9,9.05,0.01866,24.89,151.6,147,1|49,484.9,61.37,0.1266,24.85,166.4,147,1|49,484.9,112,0.231,25.3,149.2,147,1|49,484.9,270.9,0.5586,25.45,150.1,147,1|49,484.9,284.1,0.586,25.58,294.8,294,1|49,484.9,59.42,0.1225,25.08,300.2,294
1|50,495,9.333,0.01886,24.89,154.6,150,1|50,495,62.37,0.126,24.85,169.4,150,1|50,495,113.5,0.2292,25.3,152.2,150,1|50,495,272.6,0.5507,25.44,153.1,150,1|50,495,283.8,0.5733,25.58,300.8,300,1|50,495,60,0.1212,25.08,306.2,300
1|51,505.1,9.411,0.01863,24.89,157.6,153,1|51,505.1,63.15,0.125,24.85,172.4,153,1|51,505.1,114.9,0.2275,25.3,155.2,153,1|51,505.1,274.6,0.5437,25.46,156.1,153,1|51,505.1,284.7,0.5636,25.59,306.8,306,1|51,505.1,60.55,0.1199,25.1,312.2,306
1|52,515.2,9.393,0.01823,24.89,160.6,156,1|52,515.2,63.76,0.1238,24.85,175.4,156,1|52,515.2,116.3,0.2258,25.3,158.2,156,1|52,515.2,277.1,0.5379,25.44,159.1,156,1|52,515.2,286.3,0.5558,25.58,312.8,312,1|52,515.2,60.87,0.1181,25.08,318.2,312
1|53,525.3,9.464,0.01802,24.9,163.6,159,1|53,525.3,64.39,0.1226,24.84,178.4,159,1|53,525.3,117.6,0.2239,25.3,161.2,159,1|53,525.3,280.3,0.5335,25.44,162.1,159,1|53,525.3,288.1,0.5484,25.59,318.8,318,1|53,525.3,61.43,0.1169,25.09,324.2,318
1|54,535.4,9.404,0.01756,24.88,166.6,162,1|54,535.4,64.75,0.1209,24.86,181.4,162,1|54,535.4,118.8,0.2219,25.3,164.2,162,1|54,535.4,283.6,0.5297,25.45,165.1,162,1|54,535.4,290.4,0.5425,25.6,324.8,324,1|54,535.4,61.76,0.1153,25.09,330.2,324
1|55,545.5,9.481,0.01738,24.89,169.6,165,1|55,545.5,65.16,0.1195,24.85,184.4,165,1|55,545.5,119.9,0.2199,25.31,167.2,165,1|55,545.5,286.5,0.5252,25.46,168.1,165,1|55,545.5,291.9,0.5351,25.58,330.8,330,1|55,545.5,62,0.1137,25.09,336.2,330
1|56,555.6,9.732,0.01752,24.91,172.6,168,1|56,555.6,65.8,0.1184,24.85,187.4,168,1|56,555.6,121,0.2178,25.3,170.2,168,1|56,555.6,289.1,0.5203,25.44,171.1,168,1|56,555.6,293.1,0.5276,25.6,336.8,336,1|56,555.6,62.57,0.1126,25.08,342.2,336
1|57,565.7,9.777,0.01728,24.89,175.6,171,1|57,565.7,66.29,0.1172,24.85,190.4,171,1|57,565.7,122.2,0.216,25.31,173.2,171,1|57,565.7,292,0.5162,25.45,174.1,171,1|57,565.7,294.1,0.52,25.61,342.8,342,1|57,565.7,62.89,0.1112,25.09,348.2,342
1|58,575.8,9.825,0.01706,24.88,178.6,174,1|58,575.8,66.94,0.1163,24.85,193.4,174,1|58,575.8,123.2,0.2139,25.3,176.2,174,1|58,575.8,296.3,0.5147,25.46,177.1,174,1|58,575.8,295.6,0.5134,25.59,348.8,348,1|58,575.8,63.51,0.1103,25.08,354.2,348
1|59,585.9,10.09,0.01722,24.91,181.6,177,1|59,585.9,67.46,0.1151,24.84,196.4,177,1|59,585.9,124.1,0.2118,25.3,179.2,177,1|59,585.9,300.7,0.5132,25.46,180.1,177,1|59,585.9,297,0.5068,25.58,354.8,354,1|59,585.9,63.89,0.109,25.09,360.2,354
1|60,596,10.13,0.01699,24.91,184.6,180,1|60,596,67.89,0.1139,24.84,199.4,180,1|60,596,125.1,0.2099,25.29,182.2,180,1|60,596,304.3,0.5106,25.45,183.1,180,1|60,596,298.4,0.5007,25.59,360.8,360,1|60,596,64.26,0.1078,25.1,366.2,360
1|61,606.1,10.32,0.01703,24.89,187.6,183,1|61,606.1,68.48,0.113,24.85,202.4,183,1|61,606.1,126.3,0.2083,25.32,185.2,183,1|61,606.1,306.9,0.5063,25.47,186.1,183,1|61,606.1,298.7,0.4927,25.62,366.8,366,1|61,606.1,64.67,0.1067,25.09,372.2,366
1|62,616.2,10.52,0.01707,24.9,190.6,186,1|62,616.2,69.02,0.112,24.86,205.4,186,1|62,616.2,127.3,0.2066,25.31,188.2,186,1|62,616.2,308.8,0.5012,25.46,189.1,186,1|62,616.2,300.5,0.4877,25.58,372.8,372,1|62,616.2,65.35,0.1061,25.09,378.2,372
1|63,626.3,10.61,0.01694,24.92,193.6,189,1|63,626.3,69.48,0.1109,24.86,208.4,189,1|63,626.3,128.1,0.2046,25.32,191.2,189,1|63,626.3,310.6,0.4959,25.46,192.1,189,1|63,626.3,302,0.4823,25.6,378.8,378,1|63,626.3,66.04,0.1054,25.1,384.2,378
1|64,636.4,10.79,0.01695,24.92,196.6,192,1|64,636.4,69.85,0.1098,24.85,211.4,192,1|64,636.4,129,0.2028,25.32,194.2,192,1|64,636.4,312.1,0.4904,25.47,195.1,192,1|64,636.4,303.2,0.4765,25.61,384.8,384,1|64,636.4,66.47,0.1045,25.1,390.2,384
1|65,646.5,10.88,0.01683,24.89,199.6,195,1|65,646.5,70.35,0.1088,24.83,214.4,195,1|65,646.5,129.9,0.2009,25.3,197.2,195,1|65,646.5,313.1,0.4843,25.46,198.1,195,1|65,646.5,305.8,0.473,25.62,390.8,390,1|65,646.5,66.93,0.1035,25.11,396.2,390
1|66,656.6,11.09,0.0169,24.92,202.6,198,1|66,656.6,70.84,0.1079,24.84,217.4,198,1|66,656.6,130.7,0.1991,25.31,200.2,198,1|66,656.6,314.9,0.4795,25.46,201.1,198,1|66,656.6,307.3,0.468,25.61,396.8,396,1|66,656.6,67.39,0.1026,25.1,402.2,396
1|67,666.7,11.8,0.0177,24.92,205.6,201,1|67,666.7,71.19,0.1068,24.88,220.4,201,1|67,666.7,131.5,0.1973,25.3,203.2,201,1|67,666.7,315.5,0.4732,25.45,204.1,201,1|67,666.7,309.9,0.4648,25.58,402.8,402,1|67,666.7,67.66,0.1015,25.12,408.2,402
1|68,676.8,11.54,0.01706,24.91,208.6,204,1|68,676.8,71.35,0.1054,24.84,223.4,204,1|68,676.8,132.3,0.1955,25.31,206.2,204,1|68,676.8,314.8,0.4651,25.47,207.1,204,1|68,676.8,311.8,0.4607,25.6,408.8,408,1|68,676.8,68.13,0.1007,25.1,414.2,408
1|69,686.9,11.61,0.0169,24.92,211.6,207,1|69,686.9,71.56,0.1042,24.85,226.4,207,1|69,686.9,133,0.1937,25.33,209.2,207,1|69,686.9,314.6,0.458,25.46,210.1,207,1|69,686.9,313,0.4557,25.6,414.8,414,1|69,686.9,68.32,0.09946,25.1,420.2,414
1|70,697,11.82,0.01695,24.9,214.6,210,1|70,697,72,0.1033,24.84,229.4,210,1|70,697,133.6,0.1917,25.33,212.2,210,1|70,697,315.8,0.4531,25.45,213.1,210,1|70,697,311.1,0.4463,25.62,420.8,420,1|70,697,68.69,0.09855,25.12,426.2,420
1|71,707.1,12.37,0.0175,24.89,217.6,213,1|71,707.1,72.47,0.1025,24.85,232.4,213,1|71,707.1,134.3,0.1899,25.33,215.2,213,1|71,707.1,317.2,0.4486,25.45,216.1,213,1|71,707.1,310.5,0.4391,25.63,426.8,426,1|71,707.1,68.95,0.09751,25.14,432.2,426
1|72,717.2,12.91,0.01799,24.91,220.6,216,1|72,717.2,72.92,0.1017,24.86,235.4,216,1|72,717.2,134.9,0.188,25.32,218.2,216,1|72,717.2,317.3,0.4424,25.45,219.1,216,1|72,717.2,312.8,0.4362,25.62,432.8,432,1|72,717.2,69.49,0.09689,25.1,438.2,432
1|73,727.3,12.79,0.01759,24.91,223.6,219,1|73,727.3,73.36,0.1009,24.87,238.4,219,1|73,727.3,135.5,0.1864,25.29,221.2,219,1|73,727.3,317.1,0.4361,25.44,222.1,219,1|73,727.3,315,0.4331,25.58,438.8,438,1|73,727.3,70.06,0.09633,25.1,444.2,438
1|74,737.4,12.82,0.01739,24.91,226.6,222,1|74,737.4,73.85,0.1001,24.86,241.4,222,1|74,737.4,136.4,0.185,25.33,224.2,222,1|74,737.4,318.6,0.4321,25.47,225.1,222,1|74,737.4,314.6,0.4267,25.59,444.8,444,1|74,737.4,70.08,0.09503,25.12,450.2,444
1|75,747.5,12.85,0.0172,24.9,229.6,225,1|75,747.5,74.13,0.09917,24.82,244.4,225,1|75,747.5,137.5,0.1839,25.3,227.2,225,1|75,747.5,320.2,0.4284,25.46,228.1,225,1|75,747.5,316.5,0.4234,25.58,450.8,450,1|75,747.5,70.38,0.09416,25.1,456.2,450
1|76,757.6,13,0.01716,24.93,232.6,228,1|76,757.6,74.25,0.098,24.84,247.4,228,1|76,757.6,138.4,0.1827,25.36,230.2,228,1|76,757.6,322.4,0.4255,25.45,231.1,228,1|76,757.6,319.1,0.4212,25.6,456.8,456,1|76,757.6,70.76,0.09341,25.13,462.2,456
1|77,767.7,13.23,0.01723,24.94,235.6,231,1|77,767.7,74.43,0.09696,24.88,250.4,231,1|77,767.7,139.1,0.1812,25.33,233.2,231,1|77,767.7,324.4,0.4226,25.46,234.1,231,1|77,767.7,320.9,0.418,25.65,462.8,462,1|77,767.7,71,0.09249,25.11,468.2,462
1|78,777.8,13.31,0.01711,24.89,238.6,234,1|78,777.8,74.81,0.09619,24.87,253.4,234,1|78,777.8,139.8,0.1797,25.28,236.2,234,1|78,777.8,324.5,0.4171,25.5,237.1,234,1|78,777.8,324.1,0.4167,25.64,468.8,468,1|78,777.8,71.34,0.09172,25.15,474.2,468
1|79,787.9,13.55,0.0172,24.86,241.6,237,1|79,787.9,75.56,0.0959,24.87,256.4,237,1|79,787.9,140.5,0.1783,25.28,239.2,237,1|79,787.9,323.7,0.4109,25.5,240.1,237,1|79,787.9,324.1,0.4114,25.63,474.8,474,1|79,787.9,71.74,0.09105,25.08,480.2,474
1|80,798,13.66,0.01712,24.87,244.6,240,1|80,798,76.2,0.09549,24.84,259.4,240,1|80,798,141.1,0.1768,25.3,242.2,240,1|80,798,323.9,0.4059,25.51,243.1,240,1|80,798,324.5,0.4066,25.61,480.8,480,1|80,798,72.15,0.09041,25.15,486.2,480
1|81,808.1,13.89,0.01718,24.94,247.6,243,1|81,808.1,76.46,0.09462,24.89,262.4,243,1|81,808.1,141.4,0.175,25.3,245.2,243,1|81,808.1,325.7,0.403,25.45,246.1,243,1|81,808.1,326,0.4035,25.57,486.8,486,1|81,808.1,72.41,0.08961,25.08,492.2,486
1|82,818.2,14,0.01711,24.91,250.6,246,1|82,818.2,76.79,0.09386,24.84,265.4,246,1|82,818.2,142,0.1735,25.32,248.2,246,1|82,818.2,329.3,0.4025,25.49,249.1,246,1|82,818.2,328.9,0.402,25.62,492.8,492,1|82,818.2,72.91,0.08911,25.13,498.2,492
1|83,828.3,14.1,0.01702,24.87,253.6,249,1|83,828.3,77.31,0.09334,24.86,268.4,249,1|83,828.3,142.6,0.1722,25.28,251.2,249,1|83,828.3,330.6,0.3991,25.49,252.1,249,1|83,828.3,329.2,0.3974,25.59,498.8,498,1|83,828.3,73.57,0.08882,25.15,504.2,498
1|84,838.4,14.31,0.01707,24.91,256.6,252,1|84,838.4,77.99,0.09303,24.83,271.4,252,1|84,838.4,143.3,0.1709,25.34,254.2,252,1|84,838.4,331.6,0.3956,25.5,255.1,252,1|84,838.4,332.2,0.3962,25.64,504.8,504,1|84,838.4,74.02,0.08829,25.12,510.2,504
1|85,848.5,14.4,0.01698,24.86,259.6,255,1|85,848.5,77.84,0.09174,24.85,274.4,255,1|85,848.5,143.6,0.1692,25.34,257.2,255,1|85,848.5,332.5,0.3919,25.43,258.1,255,1|85,848.5,330.6,0.3896,25.65,510.8,510,1|85,848.5,74.47,0.08776,25.08,516.2,510
1|86,858.6,14.6,0.01701,24.9,262.6,258,1|86,858.6,78.18,0.09106,24.86,277.4,258,1|86,858.6,144.3,0.1681,25.33,260.2,258,1|86,858.6,332.4,0.3871,25.46,261.1,258,1|86,858.6,332.4,0.3871,25.59,516.8,516,1|86,858.6,74.83,0.08716,25.11,522.2,516
1|87,868.7,14.65,0.01686,24.94,265.6,261,1|87,868.7,78.43,0.09028,24.89,280.4,261,1|87,868.7,145.5,0.1675,25.28,263.2,261,1|87,868.7,331.5,0.3816,25.48,264.1,261,1|87,868.7,334,0.3845,25.61,522.8,522,1|87,868.7,75.15,0.08651,25.13,528.2,522
1|88,878.8,14.92,0.01698,24.86,268.6,264,1|88,878.8,78.94,0.08983,24.84,283.4,264,1|88,878.8,146.1,0.1662,25.33,266.2,264,1|88,878.8,332.2,0.378,25.49,267.1,264,1|88,878.8,336.6,0.383,25.64,528.8,528,1|88,878.8,75.47,0.08588,25.13,534.2,528
1|89,888.9,15.04,0.01692,24.91,271.6,267,1|89,888.9,79.13,0.08902,24.83,286.4,267,1|89,888.9,146.9,0.1652,25.35,269.2,267,1|89,888.9,334.2,0.3759,25.47,270.1,267,1|89,888.9,335,0.3769,25.62,534.8,534,1|89,888.9,75.82,0.0853,25.11,540.2,534
1|90,899,15.2,0.0169,24.89,274.6,270,1|90,899,79.3,0.08821,24.83,289.4,270,1|90,899,147.8,0.1644,25.34,272.2,270,1|90,899,338,0.376,25.49,273.1,270,1|90,899,337.8,0.3757,25.64,540.8,540,1|90,899,75.98,0.08451,25.17,546.2,540
1|91,909.1,15.45,0.017,24.89,277.6,273,1|91,909.1,80.02,0.08802,24.84,292.4,273,1|91,909.1,148.3,0.1631,25.33,275.2,273,1|91,909.1,339,0.3729,25.47,276.1,273,1|91,909.1,339.2,0.3731,25.6,546.8,546,1|91,909.1,76.63,0.0843,25.14,552.2,546
1|92,919.2,15.58,0.01695,24.95,280.6,276,1|92,919.2,80.28,0.08734,24.87,295.4,276,1|92,919.2,148.1,0.1611,25.34,278.2,276,1|92,919.2,339.8,0.3697,25.46,279.1,276,1|92,919.2,342,0.3721,25.66,552.8,552,1|92,919.2,76.99,0.08376,25.14,558.2,552
1|93,929.3,15.75,0.01695,24.94,283.6,279,1|93,929.3,80.61,0.08675,24.83,298.4,279,1|93,929.3,148.7,0.16,25.35,281.2,279,1|93,929.3,342.7,0.3687,25.51,282.1,279,1|93,929.3,341.3,0.3672,25.6,558.8,558,1|93,929.3,77.33,0.08322,25.14,564.2,558
1|94,939.4,15.84,0.01686,24.95,286.6,282,1|94,939.4,81.41,0.08667,24.82,301.4,282,1|94,939.4,149.9,0.1596,25.29,284.2,282,1|94,939.4,346.2,0.3685,25.46,285.1,282,1|94,939.4,341.7,0.3637,25.59,564.8,564,1|94,939.4,77.61,0.08262,25.16,570.2,564
1|95,949.5,16.01,0.01686,24.94,289.6,285,1|95,949.5,81.2,0.08552,24.88,304.4,285,1|95,949.5,150.4,0.1584,25.34,287.2,285,1|95,949.5,345.8,0.3642,25.47,288.1,285,1|95,949.5,341.7,0.3599,25.59,570.8,570,1|95,949.5,78.18,0.08233,25.1,576.2,570
1|96,959.6,16.17,0.01685,24.91,292.6,288,1|96,959.6,81.96,0.08541,24.89,307.4,288,1|96,959.6,151.1,0.1575,25.37,290.2,288,1|96,959.6,344.6,0.3591,25.46,291.1,288,1|96,959.6,345.3,0.3598,25.59,576.8,576,1|96,959.6,78.29,0.08159,25.1,582.2,576
1|97,969.7,16.13,0.01664,24.89,295.6,291,1|97,969.7,82.24,0.08481,24.88,310.4,291,1|97,969.7,150.7,0.1554,25.37,293.2,291,1|97,969.7,344.2,0.355,25.53,294.1,291,1|97,969.7,347.8,0.3586,25.63,582.8,582,1|97,969.7,78.97,0.08143,25.1,588.2,582
1|98,979.8,16.28,0.01662,24.88,298.6,294,1|98,979.8,82.83,0.08454,24.91,313.4,294,1|98,979.8,151.8,0.1549,25.36,296.2,294,1|98,979.8,345.1,0.3522,25.46,297.1,294,1|98,979.8,350.2,0.3575,25.61,588.8,588,1|98,979.8,79.41,0.08104,25.18,594.2,588
1|99,989.9,16.47,0.01664,24.95,301.6,297,1|99,989.9,82.72,0.08356,24.81,316.4,297,1|99,989.9,152.9,0.1544,25.29,299.2,297,1|99,989.9,347.1,0.3506,25.53,300.1,297,1|99,989.9,350.4,0.354,25.68,594.8,594,1|99,989.9,79.52,0.08033,25.16,600.2,594
1|100,1000,16.56,0.01656,24.94,304.6,300,1|100,1000,83.12,0.08312,24.87,319.4,300,1|100,1000,153.4,0.1534,25.37,302.2,300,1|100,1000,348.8,0.3488,25.52,303.1,300,1|100,1000,349.3,0.3493,25.66,600.8,600,1|100,1000,79.55,0.07955,25.18,606.2,600
2|1,1000,16.53,0.01653,24.94,307.7,3,2|1,1000,82.89,0.08289,24.88,322.6,3,2|1,1000,153.4,0.1534,25.3,305.4,3,2|1,1000,346.2,0.3462,25.44,306.2,3,2|1,1000,354,0.354,25.61,606.9,6,2|1,1000,80.14,0.08014,25.13,612.4,6
2|2,989.9,16.38,0.01655,24.95,310.7,6,2|2,989.9,82.29,0.08313,24.84,325.6,6,2|2,989.9,152,0.1535,25.38,308.4,6,2|2,989.9,342.2,0.3457,25.44,309.2,6,2|2,989.9,352.2,0.3558,25.67,612.9,12,2|2,989.9,79.86,0.08068,25.17,618.4,12
2|3,979.8,16.14,0.01648,24.94,313.7,9,2|3,979.8,81.55,0.08323,24.87,328.6,9,2|3,979.8,150.8,0.1539,25.32,311.4,9,2|3,979.8,340.7,0.3477,25.54,312.2,9,2|3,979.8,350.6,0.3578,25.66,618.9,18,2|3,979.8,78.76,0.08038,25.11,624.4,18
2|4,969.7,15.94,0.01644,24.89,316.7,12,2|4,969.7,81.13,0.08366,24.81,331.6,12,2|4,969.7,150.2,0.1548,25.29,314.4,12,2|4,969.7,340.5,0.3511,25.52,315.2,12,2|4,969.7,350,0.3609,25.63,624.9,24,2|4,969.7,78.05,0.08049,25.17,630.4,24
2|5,959.6,15.87,0.01653,24.95,319.7,15,2|5,959.6,80.13,0.0835,24.83,334.6,15,2|5,959.6,149.5,0.1558,25.34,317.4,15,2|5,959.6,340.2,0.3545,25.47,318.2,15,2|5,959.6,349.6,0.3643,25.66,630.9,30,2|5,959.6,77.46,0.08072,25.09,636.4,30
2|6,949.5,15.58,0.01641,24.89,322.7,18,2|6,949.5,80.08,0.08434,24.88,337.6,18.01,2|6,949.5,148.8,0.1567,25.34,320.4,18,2|6,949.5,338.4,0.3564,25.51,321.2,18,2|6,949.5,349.8,0.3684,25.67,636.9,36,2|6,949.5,76.9,0.08099,25.14,642.4,36
2|7,939.4,15.44,0.01643,24.92,325.7,21,2|7,939.4,79.3,0.08442,24.86,340.6,21.01,2|7,939.4,148.2,0.1578,25.33,323.4,21,2|7,939.4,339.4,0.3612,25.47,324.2,21,2|7,939.4,349.5,0.372,25.67,642.9,42,2|7,939.4,76.85,0.08181,25.12,648.4,42
2|8,929.3,15.43,0.0166,24.89,328.7,24,2|8,929.3,78.71,0.0847,24.85,343.6,24.01,2|8,929.3,147.2,0.1584,25.34,326.4,24,2|8,929.3,340.3,0.3662,25.44,327.2,24,2|8,929.3,346.1,0.3724,25.67,648.9,48,2|8,929.3,76.01,0.08179,25.16,654.4,48
2|9,919.2,15.3,0.01664,24.9,331.7,27,2|9,919.2,77.87,0.08471,24.85,346.6,27.01,2|9,919.2,146.6,0.1594,25.34,329.4,27,2|9,919.2,340.7,0.3706,25.46,330.2,27,2|9,919.2,347,0.3775,25.68,654.9,54,2|9,919.2,75.4,0.08203,25.12,660.4,54
2|10,909.1,15.06,0.01657,24.88,334.7,30,2|10,909.1,77.05,0.08476,24.9,349.6,30.01,2|10,909.1,145.6,0.1602,25.31,332.4,30,2|10,909.1,339.6,0.3736,25.46,333.2,30,2|10,909.1,345,0.3795,25.62,660.9,60,2|10,909.1,74.85,0.08234,25.16,666.4,60
2|11,899,14.85,0.01652,24.94,337.7,33,2|11,899,76.24,0.0848,24.88,352.6,33.01,2|11,899,145.1,0.1614,25.36,335.4,33,2|11,899,339,0.3771,25.51,336.2,33,2|11,899,345.9,0.3848,25.67,666.9,66,2|11,899,74.39,0.08275,25.18,672.4,66
2|12,888.9,14.68,0.01652,24.92,340.7,36,2|12,888.9,75.33,0.08474,24.86,355.6,36.01,2|12,888.9,144.8,0.1629,25.35,338.4,36,2|12,888.9,336.8,0.3789,25.53,339.2,36,2|12,888.9,344.2,0.3872,25.63,672.9,72,2|12,888.9,73.66,0.08286,25.16,678.4,72
2|13,878.8,14.57,0.01658,24.9,343.7,39,2|13,878.8,74.98,0.08532,24.85,358.6,39.01,2|13,878.8,144.1,0.1639,25.37,341.4,39,2|13,878.8,335.5,0.3818,25.51,342.2,39,2|13,878.8,342.5,0.3897,25.65,678.9,78,2|13,878.8,72.86,0.08291,25.16,684.4,78
2|14,868.7,14.33,0.0165,24.94,346.7,42,2|14,868.7,74.11,0.08531,24.89,361.6,42.01,2|14,868.7,143,0.1646,25.36,344.4,42,2|14,868.7,332.9,0.3833,25.47,345.2,42,2|14,868.7,341.9,0.3936,25.65,684.9,84,2|14,868.7,72.11,0.08301,25.17,690.4,84
2|15,858.6,14.24,0.01659,24.93,349.7,45,2|15,858.6,73.18,0.08523,24.84,364.6,45.01,2|15,858.6,142.5,0.166,25.31,347.4,45,2|15,858.6,329.5,0.3837,25.5,348.2,45,2|15,858.6,337.1,0.3926,25.66,690.9,90,2|15,858.6,71.67,0.08347,25.17,696.4,90
2|16,848.5,14,0.0165,24.89,352.7,48,2|16,848.5,72.62,0.08559,24.82,367.6,48.01,2|16,848.5,141.8,0.1671,25.31,350.4,48,2|16,848.5,327.2,0.3856,25.48,351.2,48,2|16,848.5,338.3,0.3987,25.65,696.9,96,2|16,848.5,71.11,0.08381,25.14,702.4,96
2|17,838.4,13.87,0.01655,24.92,355.7,51,2|17,838.4,72.47,0.08644,24.83,370.6,51.01,2|17,838.4,141,0.1681,25.37,353.4,51,2|17,838.4,326,0.3888,25.49,354.2,51,2|17,838.4,337.8,0.4029,25.67,702.9,102,2|17,838.4,71.09,0.08479,25.13,708.4,102
2|18,828.3,13.71,0.01655,24.93,358.7,54,2|18,828.3,72.1,0.08705,24.83,373.6,54.01,2|18,828.3,139.6,0.1685,25.31,356.4,54,2|18,828.3,325.4,0.3929,25.49,357.2,54,2|18,828.3,336.1,0.4058,25.64,708.9,108,2|18,828.3,70.38,0.08497,25.12,714.4,108
2|19,818.2,13.52,0.01653,24.94,361.7,57,2|19,818.2,71.47,0.08735,24.84,376.6,57.01,2|19,818.2,138.6,0.1694,25.34,359.4,57,2|19,818.2,324.2,0.3962,25.5,360.2,57,2|19,818.2,335.4,0.4099,25.68,714.9,114,2|19,818.2,70.01,0.08557,25.14,720.4,114
2|20,808.1,13.35,0.01653,24.94,364.7,60,2|20,808.1,70.87,0.0877,24.86,379.6,60.01,2|20,808.1,137.8,0.1706,25.36,362.4,60,2|20,808.1,323.6,0.4005,25.46,363.2,60,2|20,808.1,332.7,0.4116,25.66,720.9,120,2|20,808.1,69.7,0.08626,25.17,726.4,120
2|21,798,13.19,0.01653,24.95,367.7,63,2|21,798,70.31,0.08811,24.9,382.6,63.01,2|21,798,137.2,0.1719,25.33,365.4,63,2|21,798,322.4,0.404,25.5,366.2,63,2|21,798,332.2,0.4163,25.63,726.9,126,2|21,798,68.99,0.08646,25.12,732.4,126
2|22,787.9,13.04,0.01655,24.91,370.7,66,2|22,787.9,69.76,0.08854,24.87,385.6,66.01,2|22,787.9,136.5,0.1732,25.38,368.4,66,2|22,787.9,322.1,0.4088,25.52,369.2,66,2|22,787.9,328.1,0.4165,25.62,733,132,2|22,787.9,68.27,0.08664,25.19,738.4,132
2|23,777.8,12.85,0.01652,24.93,373.7,69,2|23,777.8,69.15,0.08891,24.9,388.6,69.01,2|23,777.8,136,0.1748,25.37,371.4,69,2|23,777.8,322.4,0.4145,25.51,372.2,69,2|23,777.8,329.8,0.424,25.67,739,138,2|23,777.8,68.04,0.08748,25.12,744.4,138
2|24,767.7,12.7,0.01655,24.95,376.7,72,2|24,767.7,68.57,0.08932,24.84,391.6,72.01,2|24,767.7,135.1,0.1759,25.36,374.4,72.01,2|24,767.7,322.3,0.4198,25.49,375.2,72,2|24,767.7,328.2,0.4276,25.68,745,144,2|24,767.7,67.54,0.08797,25.18,750.4,144
2|25,757.6,12.51,0.01651,24.93,379.7,75,2|25,757.6,68.01,0.08977,24.9,394.6,75.01,2|25,757.6,134.5,0.1775,25.32,377.4,75.01,2|25,757.6,320.9,0.4236,25.53,378.2,75,2|25,757.6,327.1,0.4317,25.65,751,150,2|25,757.6,66.68,0.08801,25.18,756.4,150
2|26,747.5,12.34,0.01651,24.89,382.7,78,2|26,747.5,67.45,0.09023,24.83,397.6,78.01,2|26,747.5,133.7,0.1789,25.36,380.4,78.01,2|26,747.5,318.9,0.4266,25.48,381.2,78,2|26,747.5,324.5,0.4341,25.7,757,156,2|26,747.5,66.03,0.08833,25.14,762.4,156
2|27,737.4,12.15,0.01648,24.89,385.7,81,2|27,737.4,66.79,0.09057,24.83,400.6,81.01,2|27,737.4,132.6,0.1798,25.31,383.4,81.01,2|27,737.4,317.7,0.4308,25.5,384.2,81,2|27,737.4,321.3,0.4357,25.66,763,162,2|27,737.4,65.53,0.08887,25.16,768.4,162
2|28,727.3,11.99,0.01649,24.91,388.7,84,2|28,727.3,66.27,0.09111,24.86,403.6,84.01,2|28,727.3,131.7,0.181,25.37,386.4,84.01,2|28,727.3,316.7,0.4355,25.51,387.2,84,2|28,727.3,320.2,0.4402,25.69,769,168,2|28,727.3,64.93,0.08927,25.17,774.4,168
2|29,717.2,11.85,0.01652,24.91,391.7,87,2|29,717.2,65.6,0.09146,24.84,406.6,87.01,2|29,717.2,130.6,0.182,25.36,389.4,87.01,2|29,717.2,316.1,0.4407,25.48,390.2,87,2|29,717.2,320.8,0.4473,25.65,775,174,2|29,717.2,64.35,0.08972,25.14,780.4,174
2|30,707.1,11.72,0.01657,24.94,394.7,90,2|30,707.1,65.05,0.092,24.86,409.6,90.01,2|30,707.1,129.8,0.1836,25.33,392.4,90.01,2|30,707.1,315.5,0.4462,25.49,393.2,90,2|30,707.1,319.6,0.452,25.65,781,180,2|30,707.1,63.82,0.09026,25.16,786.4,180
2|31,697,11.56,0.01659,24.91,397.7,93,2|31,697,64.33,0.09229,24.87,412.6,93.01,2|31,697,129.3,0.1854,25.34,395.4,93.01,2|31,697,314.8,0.4517,25.51,396.2,93,2|31,697,319,0.4576,25.68,787,186,2|31,697,63.26,0.09076,25.16,792.4,186
2|32,686.9,11.39,0.01658,24.94,400.7,96,2|32,686.9,63.76,0.09282,24.86,415.6,96.01,2|32,686.9,128.6,0.1873,25.36,398.4,96.01,2|32,686.9,313.9,0.457,25.5,399.2,96,2|32,686.9,318.4,0.4635,25.67,793,192,2|32,686.9,62.74,0.09133,25.16,798.4,192
2|33,676.8,11.27,0.01666,24.93,403.7,99,2|33,676.8,62.98,0.09306,24.87,418.6,99.01,2|33,676.8,128,0.1891,25.33,401.4,99.01,2|33,676.8,312.6,0.4619,25.51,402.2,99,2|33,676.8,317.8,0.4696,25.67,799,198,2|33,676.8,62.43,0.09224,25.14,804.4,198
2|34,666.7,11.02,0.01653,24.91,406.7,102,2|34,666.7,62.2,0.0933,24.87,421.6,102,2|34,666.7,127.3,0.1909,25.35,404.4,102,2|34,666.7,312.2,0.4683,25.51,405.2,102,2|34,666.7,316.8,0.4752,25.69,805,204,2|34,666.7,61.79,0.09268,25.15,810.4,204
2|35,656.6,10.93,0.01665,24.95,409.7,105,2|35,656.6,61.55,0.09373,24.88,424.6,105,2|35,656.6,126.5,0.1927,25.36,407.4,105,2|35,656.6,310.5,0.4729,25.5,408.2,105,2|35,656.6,315.7,0.4808,25.68,811,210,2|35,656.6,61.18,0.09317,25.18,816.4,210
2|36,646.5,10.73,0.0166,24.92,412.7,108,2|36,646.5,60.97,0.0943,24.87,427.6,108,2|36,646.5,125.3,0.1939,25.34,410.4,108,2|36,646.5,309,0.4779,25.51,411.2,108,2|36,646.5,314.7,0.4868,25.68,817,216,2|36,646.5,60.54,0.09365,25.16,822.4,216
2|37,636.4,10.62,0.01668,24.92,415.7,111,2|37,636.4,60.35,0.09483,24.86,430.6,111,2|37,636.4,124.5,0.1957,25.36,413.4,111,2|37,636.4,307.9,0.4838,25.5,414.2,111,2|37,636.4,313.6,0.4927,25.66,823,222,2|37,636.4,59.92,0.09416,25.18,828.4,222
2|38,626.3,10.46,0.01671,24.94,418.7,114,2|38,626.3,59.79,0.09547,24.86,433.6,114,2|38,626.3,123.6,0.1973,25.35,416.4,114,2|38,626.3,306.7,0.4897,25.51,417.2,114,2|38,626.3,312.6,0.4991,25.68,829,228,2|38,626.3,59.39,0.09482,25.18,834.4,228
2|39,616.2,10.3,0.01671,24.92,421.7,117,2|39,616.2,59.18,0.09604,24.89,436.6,117,2|39,616.2,122.8,0.1993,25.35,419.4,117,2|39,616.2,304.8,0.4947,25.51,420.2,117,2|39,616.2,310.5,0.504,25.68,835,234,2|39,616.2,58.76,0.09536,25.18,840.4,234
2|40,606.1,10.18,0.01679,24.92,424.7,120,2|40,606.1,58.49,0.0965,24.86,439.6,120,2|40,606.1,121.9,0.2011,25.36,422.4,120,2|40,606.1,303.2,0.5002,25.52,423.2,120,2|40,606.1,309.4,0.5105,25.67,841,240,2|40,606.1,58.28,0.09616,25.18,846.4,240
2|41,596,9.99,0.01676,24.91,427.7,123,2|41,596,57.99,0.0973,24.87,442.6,123,2|41,596,121,0.2031,25.34,425.4,123,2|41,596,301.4,0.5057,25.51,426.2,123,2|41,596,308.4,0.5174,25.67,847,246,2|41,596,57.78,0.09695,25.18,852.4,246
2|42,585.9,9.91,0.01691,24.93,430.7,126,2|42,585.9,57.44,0.09804,24.88,445.6,126,2|42,585.9,120.1,0.205,25.34,428.4,126,2|42,585.9,299.4,0.511,25.52,429.2,126,2|42,585.9,307,0.524,25.67,853,252,2|42,585.9,56.99,0.09726,25.16,858.4,252
2|43,575.8,9.725,0.01689,24.93,433.7,129,2|43,575.8,56.76,0.09857,24.86,448.6,129,2|43,575.8,119,0.2067,25.34,431.4,129,2|43,575.8,297.9,0.5173,25.51,432.2,129,2|43,575.8,305,0.5298,25.67,859,258,2|43,575.8,56.58,0.09826,25.18,864.4,258
2|44,565.7,9.492,0.01678,24.91,436.7,132,2|44,565.7,56.16,0.09928,24.87,451.6,132,2|44,565.7,118.3,0.2091,25.35,434.4,132,2|44,565.7,295.9,0.523,25.52,435.2,132,2|44,565.7,303.3,0.5361,25.68,865,264,2|44,565.7,55.91,0.09883,25.18,870.4,264
2|45,555.6,9.525,0.01714,24.93,439.7,135,2|45,555.6,55.52,0.09993,24.88,454.6,135,2|45,555.6,117.2,0.2109,25.35,437.4,135,2|45,555.6,293.8,0.5288,25.52,438.2,135,2|45,555.6,299.8,0.5396,25.67,871,270,2|45,555.6,55.29,0.09952,25.19,876.4,270
2|46,545.5,9.292,0.01703,24.93,442.7,138,2|46,545.5,54.73,0.1003,24.87,457.6,138,2|46,545.5,115.8,0.2123,25.36,440.4,138,2|46,545.5,292.2,0.5356,25.5,441.2,138,2|46,545.5,296.5,0.5436,25.67,877,276,2|46,545.5,54.67,0.1002,25.16,882.4,276
2|47,535.4,9.094,0.01699,24.92,445.7,141,2|47,535.4,54.09,0.101,24.87,460.6,141,2|47,535.4,114.6,0.2141,25.35,443.4,141,2|47,535.4,290.5,0.5426,25.51,444.2,141,2|47,535.4,293.7,0.5485,25.67,883,282,2|47,535.4,54.03,0.1009,25.18,888.4,282
2|48,525.3,9.123,0.01737,24.93,448.7,144,2|48,525.3,53.54,0.1019,24.88,463.6,144,2|48,525.3,113.7,0.2165,25.36,446.4,144,2|48,525.3,288.9,0.5499,25.51,447.2,144,2|48,525.3,291.7,0.5554,25.67,889,288,2|48,525.3,53.38,0.1016,25.17,894.4,288
2|49,515.2,9.006,0.01748,24.92,451.7,147,2|49,515.2,52.83,0.1025,24.87,466.6,147,2|49,515.2,112.7,0.2188,25.35,449.4,147,2|49,515.2,287.5,0.558,25.51,450.2,147,2|49,515.2,288.8,0.5605,25.68,895,294,2|49,515.2,52.63,0.1022,25.18,900.4,294
2|50,505.1,8.762,0.01735,24.92,454.7,150,2|50,505.1,52.31,0.1036,24.88,469.6,150,2|50,505.1,111.7,0.2211,25.35,452.4,150,2|50,505.1,285.9,0.5659,25.53,453.2,150,2|50,505.1,292.5,0.5791,25.67,901,300,2|50,505.1,52.04,0.103,25.18,906.4,300
2|51,495,8.768,0.01771,24.93,457.7,153,2|51,495,51.88,0.1048,24.88,472.6,153,2|51,495,110.7,0.2235,25.35,455.4,153,2|51,495,284.1,0.574,25.52,456.2,153,2|51,495,290.6,0.587,25.68,907,306,2|51,495,51.25,0.1035,25.18,912.4,306
2|52,484.9,8.627,0.01779,24.94,460.7,156,2|52,484.9,51.41,0.106,24.88,475.6,156,2|52,484.9,109.5,0.2258,25.35,458.4,156,2|52,484.9,282.3,0.5821,25.51,459.2,156,2|52,484.9,289.7,0.5975,25.67,913,312,2|52,484.9,50.53,0.1042,25.19,918.4,312
2|53,474.8,8.355,0.0176,24.93,463.7,159,2|53,474.8,50.78,0.1069,24.88,478.6,159,2|53,474.8,108.2,0.2279,25.35,461.4,159,2|53,474.8,280.2,0.5901,25.53,462.2,159,2|53,474.8,288.5,0.6076,25.69,919,318,2|53,474.8,49.98,0.1053,25.18,924.4,318
2|54,464.7,8.4,0.01808,24.92,466.7,162,2|54,464.7,50.08,0.1078,24.88,481.6,162,2|54,464.7,107.4,0.231,25.36,464.4,162,2|54,464.7,278.5,0.5993,25.52,465.2,162,2|54,464.7,286.7,0.617,25.67,925,324,2|54,464.7,49.31,0.1061,25.19,930.4,324
2|55,454.6,8.17,0.01797,24.92,469.7,165,2|55,454.6,49.42,0.1087,24.88,484.6,165,2|55,454.6,106.3,0.2338,25.36,467.4,165,2|55,454.6,277.4,0.6102,25.52,468.2,165,2|55,454.6,284.1,0.625,25.7,931,330,2|55,454.6,48.55,0.1068,25.19,936.4,330
2|56,444.5,8.031,0.01807,24.93,472.7,168,2|56,444.5,48.88,0.11,24.88,487.6,168,2|56,444.5,105.1,0.2365,25.36,470.4,168,2|56,444.5,277,0.6231,25.52,471.2,168,2|56,444.5,281.6,0.6336,25.68,937,336,2|56,444.5,48.3,0.1087,25.18,942.4,336
2|57,434.4,8.007,0.01843,24.94,475.7,171,2|57,434.4,48.21,0.111,24.87,490.6,171,2|57,434.4,103.9,0.2393,25.36,473.4,171,2|57,434.4,275.2,0.6336,25.52,474.2,171,2|57,434.4,279,0.6424,25.68,943,342,2|57,434.4,47.44,0.1092,25.18,948.4,342
2|58,424.3,8.014,0.01889,24.94,478.7,174,2|58,424.3,47.52,0.112,24.87,493.6,174,2|58,424.3,102.9,0.2424,25.35,476.4,174,2|58,424.3,273.1,0.6436,25.51,477.2,174,2|58,424.3,276.7,0.6521,25.67,949,348,2|58,424.3,46.72,0.1101,25.18,954.4,348
2|59,414.2,7.991,0.01929,24.94,481.7,177,2|59,414.2,46.77,0.1129,24.88,496.6,177,2|59,414.2,101.6,0.2453,25.36,479.4,177,2|59,414.2,270.7,0.6535,25.52,480.2,177,2|59,414.2,277.4,0.6698,25.68,955,354,2|59,414.2,46.08,0.1112,25.19,960.4,354
2|60,404.1,7.79,0.01928,24.94,484.7,180,2|60,404.1,46.02,0.1139,24.88,499.6,180,2|60,404.1,100.3,0.2483,25.37,482.4,180,2|60,404.1,268.4,0.6642,25.51,483.2,180,2|60,404.1,275.4,0.6815,25.69,961,360,2|60,404.1,45.44,0.1124,25.19,966.4,360
2|61,394,7.683,0.0195,24.94,487.7,183,2|61,394,45.13,0.1146,24.88,502.6,183,2|61,394,99.07,0.2514,25.37,485.4,183,2|61,394,266.4,0.6762,25.53,486.2,183,2|61,394,272.8,0.6923,25.69,967,366,2|61,394,44.72,0.1135,25.17,972.4,366
2|62,383.9,7.657,0.01995,24.94,490.7,186,2|62,383.9,44.38,0.1156,24.87,505.6,186,2|62,383.9,97.74,0.2546,25.35,488.4,186,2|62,383.9,264.8,0.6896,25.51,489.2,186,2|62,383.9,270.4,0.7044,25.68,973,372,2|62,383.9,44.07,0.1148,25.19,978.4,372
2|63,373.8,7.581,0.02028,24.93,493.7,189,2|63,373.8,43.65,0.1168,24.87,508.6,189,2|63,373.8,96.37,0.2578,25.36,491.4,189,2|63,373.8,262.8,0.703,25.54,492.2,189,2|63,373.8,267.8,0.7165,25.69,979,378,2|63,373.8,43.32,0.1159,25.17,984.4,378
2|64,363.7,7.407,0.02036,24.94,496.7,192,2|64,363.7,42.94,0.1181,24.87,511.6,192,2|64,363.7,95.02,0.2613,25.35,494.4,192,2|64,363.7,260.7,0.7167,25.53,495.2,192,2|64,363.7,265,0.7285,25.69,985,384,2|64,363.7,42.56,0.117,25.19,990.4,384
2|65,353.6,7.293,0.02063,24.95,499.7,195,2|65,353.6,42.15,0.1192,24.88,514.6,195,2|65,353.6,93.54,0.2645,25.36,497.4,195,2|65,353.6,258.4,0.7307,25.53,498.2,195,2|65,353.6,261.8,0.7405,25.68,991,390,2|65,353.6,41.81,0.1182,25.18,996.4,390
2|66,343.5,7.064,0.02057,24.93,502.7,198,2|66,343.5,41.38,0.1205,24.87,517.6,198,2|66,343.5,92.14,0.2682,25.36,500.4,198,2|66,343.5,255.9,0.745,25.52,501.2,198,2|66,343.5,258.9,0.7536,25.69,997,396,2|66,343.5,41.08,0.1196,25.2,1002,396
2|67,333.4,6.823,0.02046,24.95,505.7,201,2|67,333.4,40.74,0.1222,24.89,520.6,201,2|67,333.4,90.73,0.2721,25.36,503.4,201,2|67,333.4,253.4,0.7601,25.52,504.2,201,2|67,333.4,255.8,0.7673,25.69,1003,402,2|67,333.4,40.44,0.1213,25.18,1008,402
2|68,323.3,6.624,0.02049,24.94,508.7,204,2|68,323.3,39.96,0.1236,24.87,523.6,204,2|68,323.3,89.22,0.276,25.37,506.4,204,2|68,323.3,250.6,0.7752,25.53,507.2,204,2|68,323.3,252.6,0.7812,25.7,1009,408,2|68,323.3,39.56,0.1224,25.2,1014,408
2|69,313.2,6.624,0.02115,24.94,511.7,207,2|69,313.2,39.31,0.1255,24.88,526.6,207,2|69,313.2,87.72,0.2801,25.37,509.4,207,2|69,313.2,247.7,0.7909,25.52,510.2,207,2|69,313.2,249.1,0.7955,25.7,1015,414,2|69,313.2,38.83,0.124,25.19,1020,414
2|70,303.1,6.289,0.02075,24.93,514.7,210,2|70,303.1,38.42,0.1268,24.87,529.6,210,2|70,303.1,86.15,0.2842,25.36,512.4,210,2|70,303.1,244.6,0.8068,25.54,513.2,210,2|70,303.1,245.6,0.8102,25.7,1021,420,2|70,303.1,38.02,0.1254,25.19,1026,420
2|71,293,6.112,0.02086,24.94,517.7,213,2|71,293,37.66,0.1285,24.87,532.6,213,2|71,293,84.55,0.2886,25.37,515.4,213,2|71,293,241.2,0.8231,25.52,516.2,213,2|71,293,241.8,0.8253,25.69,1027,426,2|71,293,37.17,0.1269,25.21,1032,426
2|72,282.9,5.976,0.02112,24.94,520.7,216,2|72,282.9,36.85,0.1303,24.88,535.6,216,2|72,282.9,83.09,0.2937,25.37,518.4,216,2|72,282.9,238,0.8413,25.52,519.2,216,2|72,282.9,237.8,0.8406,25.69,1033,432,2|72,282.9,36.49,0.129,25.19,1038,432
2|73,272.8,5.732,0.02101,24.94,523.7,219,2|73,272.8,36.02,0.132,24.89,538.6,219,2|73,272.8,81.4,0.2984,25.38,521.4,219,2|73,272.8,234.3,0.8589,25.53,522.2,219,2|73,272.8,233.4,0.8557,25.69,1039,438,2|73,272.8,35.67,0.1307,25.2,1044,438
2|74,262.7,5.788,0.02203,24.93,526.7,222,2|74,262.7,35.19,0.134,24.88,541.6,222,2|74,262.7,79.56,0.3029,25.37,524.4,222,2|74,262.7,230.5,0.8772,25.54,525.2,222,2|74,262.7,229.2,0.8726,25.69,1045,444,2|74,262.7,34.81,0.1325,25.21,1050,444
2|75,252.6,5.655,0.02239,24.94,529.7,225,2|75,252.6,34.31,0.1358,24.88,544.6,225,2|75,252.6,77.9,0.3084,25.38,527.4,225,2|75,252.6,226.4,0.8963,25.52,528.2,225,2|75,252.6,224.9,0.8905,25.68,1051,450,2|75,252.6,34.13,0.1351,25.19,1056,450
2|76,242.5,5.568,0.02296,24.93,532.7,228,2|76,242.5,33.43,0.1379,24.89,547.6,228,2|76,242.5,76.11,0.3139,25.36,530.4,228,2|76,242.5,222.2,0.9163,25.53,531.2,228,2|76,242.5,220.4,0.9088,25.7,1057,456,2|76,242.5,33.24,0.1371,25.2,1062,456
2|77,232.4,5.412,0.02329,24.93,535.7,231,2|77,232.4,32.54,0.14,24.89,550.6,231,2|77,232.4,74.25,0.3195,25.36,533.4,231,2|77,232.4,217.8,0.9373,25.53,534.2,231,2|77,232.4,215.7,0.9283,25.69,1063,462,2|77,232.4,32.44,0.1396,25.19,1068,462
2|78,222.3,5.206,0.02342,24.94,538.7,234,2|78,222.3,31.64,0.1423,24.88,553.6,234,2|78,222.3,71.98,0.3238,25.37,536.4,234,2|78,222.3,213.3,0.9595,25.53,537.2,234,2|78,222.3,210.9,0.9486,25.69,1069,468,2|78,222.3,31.65,0.1424,25.2,1074,468
2|79,212.2,5.001,0.02357,24.94,541.7,237,2|79,212.2,30.72,0.1448,24.88,556.6,237,2|79,212.2,70.03,0.33,25.38,539.4,237,2|79,212.2,208.4,0.9821,25.53,540.2,237,2|79,212.2,205.9,0.9704,25.7,1075,474,2|79,212.2,30.67,0.1445,25.2,1080,474
2|80,202.1,4.804,0.02377,24.93,544.7,240,2|80,202.1,29.8,0.1475,24.89,559.6,240,2|80,202.1,68.13,0.3371,25.37,542.4,240,2|80,202.1,203.6,1.008,25.53,543.2,240,2|80,202.1,200.7,0.9928,25.69,1081,480,2|80,202.1,29.75,0.1472,25.2,1086,480
2|81,192,4.595,0.02393,24.93,547.7,243,2|81,192,28.84,0.1502,24.9,562.6,243,2|81,192,66.19,0.3447,25.38,545.4,243,2|81,192,198.4,1.033,25.53,546.2,243,2|81,192,195.3,1.017,25.7,1087,486,2|81,192,28.79,0.15,25.2,1092,486
2|82,181.9,4.335,0.02383,24.94,550.7,246,2|82,181.9,27.81,0.1529,24.89,565.6,246,2|82,181.9,64.16,0.3527,25.36,548.4,246,2|82,181.9,192.8,1.06,25.53,549.2,246,2|82,181.9,189.8,1.043,25.69,1093,492,2|82,181.9,27.77,0.1527,25.2,1098,492
2|83,171.8,4.119,0.02398,24.92,553.7,249,2|83,171.8,26.95,0.1569,24.89,568.6,249,2|83,171.8,62.06,0.3612,25.36,551.4,249,2|83,171.8,187.1,1.089,25.54,552.2,249,2|83,171.8,184,1.071,25.69,1099,498,2|83,171.8,26.75,0.1557,25.21,1104,498
2|84,161.7,3.809,0.02356,24.94,556.7,252,2|84,161.7,25.96,0.1605,24.9,571.6,252,2|84,161.7,59.91,0.3705,25.38,554.4,252,2|84,161.7,181.1,1.12,25.53,555.2,252,2|84,161.7,178.2,1.102,25.69,1105,504,2|84,161.7,25.69,0.1589,25.2,1110,504
2|85,151.6,3.572,0.02356,24.95,559.7,255,2|85,151.6,25.13,0.1658,24.89,574.6,255,2|85,151.6,57.71,0.3806,25.37,557.4,255,2|85,151.6,174.9,1.154,25.52,558.2,255,2|85,151.6,172.2,1.136,25.69,1111,510,2|85,151.6,24.67,0.1627,25.21,1116,510
2|86,141.5,3.597,0.02542,24.94,562.7,258,2|86,141.5,24.04,0.1699,24.89,577.6,258,2|86,141.5,55.46,0.3919,25.35,560.4,258,2|86,141.5,168.7,1.192,25.52,561.2,258,2|86,141.5,166.1,1.174,25.71,1117,516,2|86,141.5,23.49,0.166,25.21,1122,516
2|87,131.4,3.291,0.02505,24.95,565.7,261,2|87,131.4,22.96,0.1748,24.88,580.6,261,2|87,131.4,53.13,0.4044,25.38,563.4,261,2|87,131.4,162.2,1.234,25.52,564.2,261,2|87,131.4,159.7,1.216,25.7,1123,522,2|87,131.4,22.31,0.1698,25.21,1128,522
2|88,121.3,3.032,0.02499,24.94,568.7,264,2|88,121.3,21.9,0.1805,24.88,583.6,264,2|88,121.3,50.69,0.4179,25.37,566.4,264,2|88,121.3,155.5,1.282,25.53,567.2,264,2|88,121.3,153.1,1.262,25.7,1129,528,2|88,121.3,21.1,0.174,25.2,1134,528
2|89,111.2,3.028,0.02723,24.95,571.7,267,2|89,111.2,20.71,0.1863,24.89,586.6,267,2|89,111.2,48.21,0.4335,25.37,569.4,267,2|89,111.2,148.7,1.337,25.53,570.2,267,2|89,111.2,146.2,1.315,25.7,1135,534,2|89,111.2,20.08,0.1806,25.22,1140,534
2|90,101.1,2.71,0.0268,24.95,574.7,270,2|90,101.1,19.3,0.1909,24.89,589.6,270,2|90,101.1,45.58,0.4509,25.37,572.4,270,2|90,101.1,141.4,1.399,25.54,573.2,270,2|90,101.1,139,1.375,25.7,1141,540,2|90,101.1,19,0.188,25.21,1146,540
2|91,91,2.6,0.02857,24.94,577.7,273,2|91,91,18.25,0.2005,24.87,592.6,273,2|91,91,42.85,0.4708,25.38,575.4,273,2|91,91,133.8,1.471,25.53,576.2,273,2|91,91,131.4,1.444,25.71,1147,546,2|91,91,17.85,0.1961,25.22,1152,546
2|92,80.9,2.327,0.02877,24.94,580.7,276,2|92,80.9,16.91,0.209,24.9,595.6,276,2|92,80.9,39.96,0.494,25.38,578.4,276,2|92,80.9,125.6,1.552,25.53,579.2,276,2|92,80.9,123.7,1.528,25.7,1153,552,2|92,80.9,16.43,0.2031,25.22,1158,552
2|93,70.8,2.022,0.02857,24.95,583.7,279,2|93,70.8,15.32,0.2164,24.88,598.6,279,2|93,70.8,36.98,0.5223,25.38,581.4,279,2|93,70.8,117,1.653,25.54,582.2,279,2|93,70.8,115.5,1.631,25.7,1159,558,2|93,70.8,15.27,0.2156,25.22,1164,558
2|94,60.7,1.815,0.02989,24.94,586.7,282,2|94,60.7,13.79,0.2273,24.9,601.6,282,2|94,60.7,33.69,0.555,25.37,584.4,282,2|94,60.7,107.8,1.775,25.53,585.2,282,2|94,60.7,106.3,1.751,25.71,1165,564,2|94,60.7,13.69,0.2256,25.22,1170,564
2|95,50.6,1.527,0.03017,24.93,589.7,285,2|95,50.6,12.51,0.2472,24.9,604.6,285,2|95,50.6,30.1,0.5948,25.38,587.4,285,2|95,50.6,97.59,1.929,25.53,588.2,285,2|95,50.6,96.45,1.906,25.71,1171,570,2|95,50.6,12.35,0.2441,25.21,1176,570
2|96,40.5,1.361,0.03359,24.93,592.7,288,2|96,40.5,10.97,0.2709,24.89,607.6,288,2|96,40.5,26.46,0.6532,25.37,590.4,288,2|96,40.5,86.94,2.147,25.54,591.2,288,2|96,40.5,85.52,2.112,25.71,1177,576,2|96,40.5,10.62,0.2621,25.21,1182,576
2|97,30.4,1.005,0.03305,24.94,595.7,291,2|97,30.4,9.105,0.2995,24.88,610.6,291,2|97,30.4,22.45,0.7384,25.38,593.4,291,2|97,30.4,74.41,2.448,25.54,594.2,291,2|97,30.4,73.11,2.405,25.72,1183,582,2|97,30.4,8.731,0.2872,25.23,1188,582
2|98,20.3,0.8063,0.03972,24.95,598.7,294,2|98,20.3,7.364,0.3627,24.89,613.6,294,2|98,20.3,17.88,0.8807,25.38,596.4,294,2|98,20.3,60.08,2.96,25.53,597.2,294,2|98,20.3,58.7,2.891,25.72,1189,588,2|98,20.3,6.989,0.3443,25.21,1194,588
2|99,10.2,0.4521,0.04432,24.94,601.7,297,2|99,10.2,5.098,0.4998,24.89,616.6,297,2|99,10.2,12.41,1.216,25.39,599.4,297,2|99,10.2,41.78,4.095,25.53,600.2,297,2|99,10.2,40.88,4.007,25.71,1195,594,2|99,10.2,4.798,0.4703,25.21,1200,594
2|100,0.1009,0,0,24.95,604.7,300,2|100,0.1008,0.04477,0.444,24.9,619.6,300,2|100,0.1008,1.502,14.9,25.37,602.4,300,2|100,0.1009,4.54,45,25.53,603.2,300,2|100,0.1008,4.181,41.47,25.71,1201,600,2|100,0.1008,0.786,7.794,25.22,1206,600
